174598,42 street germain
174599,0 bedroom one bathroom apartment beacon
174600,595 merrill
174601,790 boylston
174603,0 bedroom one bathroom apartment 105 peterborough
174604,
174605,40 concord
174606,0 bedroom one bathroom apartment one maxwells
174607,
174608,
174610,
174611,0 bedroom one bathroom apartment ten glassworks
174612,
174613,24 oyster bay
174614,100 tower
174615,199 n harvard
174616,
174617,199 n harvard
174618,0 bedroom one bathroom apartment seven seaport
174619,
174620,333 great river
174621,75 s main
174623,39 perkins
174624,
174625,85 university
174626,
174627,0 bedroom one bathroom apartment one leighton
174628,390 blue ledge
174629,130 bowden
174630,976 lexington
174631,0 bedroom one bathroom apartment 790 boylston
174632,24 oyster bay
174633,55 traveler
174634,55 traveler
174635,100 ellery
174636,
174637,976 lexington
174638,150 quarry
174639,
174640,
174641,
174642,
174643,
174644,0 bedroom one bathroom apartment 199 n harvard
174645,
174646,803 haverhill
174647,
174648,77 exeter
174650,311 lowell
174651,165 cambridge park
174653,45 kings
174654,678 princeton
174656,12 heritage
174657,
174658,735 adams
174659,165 cambridge park
174660,240 sidney
174661,
174662,150 quarry
174663,250 1st
174664,241 lexington
174665,
174666,111 locust
174667,240 sidney
174668,411 d
174669,401 mt vernon
174670,277 w union
174671,180 brookline
174672,51 keyes
174674,
174675,738 plain
174676,241 lexington
174677,39 perkins
174678,111 locust
174679,678 princeton
174680,
174681,40 riverpath
174682,390 blue ledge
174683,150 huntington
174684,100 tower
174685,240 sidney
174686,1449 main
174687,320 d
174688,40 riverpath
174689,45 kings
174690,735 adams
174691,3610 mystic valley
174692,
174693,99 kneeland
174694,240 sidney
174695,
174696,
174697,100 woodview
174698,1440 beacon
174699,100 lowell
174700,85 seaport
174701,12 heritage
174702,165 cambridge park
174703,1440 beacon
174704,100 woodview
